,,Población total,Población masculina,Población femenina,Población de 0 a 2 años,Población masculina de 0 a 2 años,Población femenina de 0 a 2 años,Población de 3 años y más,Población masculina de 3 años y más,Población femenina de 3 años y más,Población de 5 años y más,Población masculina de 5 años y más,Población femenina de 5 años y más,Población de 12 años y más,Población masculina de 12 años y más,Población femenina de 12 años y más,Población de 15 años y más,Población masculina de 15 años y más,Población femenina de 15 años y más,Población de 18 años y más,Población masculina de 18 años y más,Población femenina de 18 años y más,Población de 3 a 5 años,Población masculina de 3 a 5 años,Población femenina de 3 a 5 años,Población de 6 a 11 años,Población masculina de 6 a 11 años,Población femenina de 6 a 11 años,Población de 8 a 14 años,Población masculina de 8 a 14 años,Población femenina de 8 a 14 años,Población de 12 a 14 años,Población masculina de 12 a 14 años,Población femenina de 12 a 14 años,Población de 15 a 17 años,Población masculina de 15 a 17 años,Población femenina de 15 a 17 años,Población de 18 a 24 años,Población masculina de 18 a 24 años,Población femenina de 18 a 24 años,Población femenina de 15 a 49 años,Población de 60 años y más,Población masculina de 60 años y más,Población femenina de 60 años y más,Relación hombres-mujeres
14,Jalisco,7350682,3600641,3750041,406862,207148,199714,6857151,3350163,3506988,6569065,3203560,3365505,5549002,2685806,2863196,5127597,2472155,2655442,4696129,2253813,2442316,430553,219149,211404,877596,445208,432388,1008948,512050,496898,421405,213651,207754,431468,218342,213126,952623,470978,481645,1990021,671323,312067,359256,96.02
1,Acatic,21206,10348,10858,1383,706,677,19818,9642,10176,18921,9185,9736,15555,7424,8131,14240,6768,7472,12869,6098,6771,1355,692,663,2908,1526,1382,3257,1662,1595,1315,656,659,1371,670,701,2756,1292,1464,5599,2110,1018,1092,95.3
2,Acatlán de Juárez,23241,12220,11021,1259,629,630,21919,11562,10357,21005,11106,9899,17830,9483,8347,15578,7885,7693,13598,6629,6969,1342,674,668,2747,1405,1342,4087,2532,1555,2252,1598,654,1980,1256,724,2776,1444,1332,5832,1999,970,1029,110.88
3,Ahualulco de Mercado,21714,10677,11037,1240,652,588,20439,10009,10430,19614,9597,10017,16613,8077,8536,15338,7410,7928,13976,6746,7230,1220,617,603,2606,1315,1291,3029,1552,1477,1275,667,608,1362,664,698,2661,1302,1359,5633,2620,1305,1315,96.74
4,Amacueca,5545,2674,2871,324,167,157,5206,2503,2703,5002,2400,2602,4275,2016,2259,3955,1854,2101,3628,1689,1939,310,157,153,621,330,291,740,394,346,320,162,158,327,165,162,703,345,358,1437,762,371,391,93.14
5,Amatitán,14648,7273,7375,896,438,458,13728,6823,6905,13075,6487,6588,10748,5325,5423,9853,4886,4967,8919,4407,4512,992,508,484,1988,990,998,2216,1094,1122,895,439,456,934,479,455,1863,940,923,3816,1276,662,614,98.62
6,Ameca,57340,28013,29327,3121,1578,1543,53982,26317,27665,51845,25263,26582,44144,21380,22764,40971,19775,21196,37706,18139,19567,3156,1557,1599,6682,3380,3302,7632,3880,3752,3173,1605,1568,3265,1636,1629,6750,3305,3445,14805,7336,3555,3781,95.52
7,San Juanito de Escobedo,8896,4461,4435,509,271,238,8331,4164,4167,7978,3993,3985,6675,3313,3362,6129,3029,3100,5546,2742,2804,538,271,267,1118,580,538,1308,685,623,546,284,262,583,287,296,987,502,485,2121,1200,601,599,100.59
8,Arandas,72812,35135,37677,4285,2204,2081,68357,32851,35506,65361,31333,34028,53982,25565,28417,49380,23279,26101,44818,20938,23880,4551,2311,2240,9824,4975,4849,11175,5614,5561,4602,2286,2316,4562,2341,2221,9514,4398,5116,20138,6286,3005,3281,93.25
9,El Arenal,17545,8631,8914,1089,573,516,16157,7908,8249,15393,7540,7853,12780,6214,6566,11714,5712,6002,10570,5142,5428,1156,572,584,2221,1122,1099,2545,1245,1300,1066,502,564,1144,570,574,2179,1089,1090,4627,1504,748,756,96.83
10,Atemajac de Brizuela,6655,3303,3352,468,237,231,6177,3061,3116,5870,2904,2966,4729,2321,2408,4254,2080,2174,3785,1846,1939,465,252,213,983,488,495,1103,559,544,475,241,234,469,234,235,879,457,422,1632,644,312,332,98.54
11,Atengo,5400,2797,2603,319,183,136,5073,2609,2464,4873,2503,2370,4128,2096,2032,3834,1948,1886,3494,1770,1724,308,163,145,637,350,287,712,375,337,294,148,146,340,178,162,667,339,328,1272,848,428,420,107.45
12,Atenguillo,4115,2014,2101,184,85,99,3919,1923,1996,3793,1857,1936,3317,1619,1698,3078,1513,1565,2828,1386,1442,185,95,90,417,209,208,517,246,271,239,106,133,250,127,123,492,269,223,981,772,381,391,95.86
13,Atotonilco el Alto,57717,28217,29500,3361,1705,1656,54245,26462,27783,51945,25295,26650,43447,20985,22462,39861,19143,20718,36259,17310,18949,3472,1749,1723,7326,3728,3598,8510,4374,4136,3586,1842,1744,3602,1833,1769,7421,3620,3801,15413,5788,2765,3023,95.65
14,Atoyac,8276,3962,4314,441,220,221,7812,3732,4080,7513,3592,3921,6461,3072,3389,5987,2840,3147,5489,2586,2903,446,208,238,905,452,453,1064,529,535,474,232,242,498,254,244,986,489,497,2083,1293,606,687,91.84
15,Autlán de Navarro,57559,28210,29349,3242,1695,1547,54156,26435,27721,51904,25286,26618,44265,21464,22801,41142,19887,21255,37790,18207,19583,3401,1725,1676,6490,3246,3244,7478,3763,3715,3123,1577,1546,3352,1680,1672,7653,3857,3796,15404,6270,2967,3303,96.12
16,Ayotlán,38291,18603,19688,2567,1281,1286,35698,17311,18387,34012,16470,17542,28198,13545,14653,25789,12317,13472,23301,11079,12222,2528,1280,1248,4972,2486,2486,5738,2896,2842,2409,1228,1181,2488,1238,1250,4782,2295,2487,10031,3862,1861,2001,94.49
17,Ayutla,12664,6308,6356,736,375,361,11917,5926,5991,11465,5688,5777,9744,4801,4943,8962,4445,4517,8206,4061,4145,687,361,326,1486,764,722,1780,880,900,782,356,426,756,384,372,1573,756,817,3024,1963,1025,938,99.24
18,La Barca,64269,30920,33349,3745,1915,1830,60476,28982,31494,57855,27650,30205,48805,23178,25627,44960,21217,23743,41122,19299,21823,3871,1955,1916,7800,3849,3951,9001,4523,4478,3845,1961,1884,3838,1918,1920,7893,3766,4127,17062,7310,3418,3892,92.72
19,Bolaños,6820,3384,3436,535,246,289,6274,3135,3139,5910,2962,2948,4574,2272,2302,4037,2001,2036,3552,1759,1793,537,264,273,1163,599,564,1308,673,635,537,271,266,485,242,243,947,482,465,1633,482,235,247,98.49
20,Cabo Corrientes,10029,5176,4853,646,326,320,9373,4845,4528,8928,4612,4316,7475,3897,3578,6868,3582,3286,6246,3262,2984,654,339,315,1244,609,635,1435,716,719,607,315,292,622,320,302,1199,614,585,2327,1260,694,566,106.66
21,Casimiro Castillo,21475,10667,10808,1221,638,583,20238,10024,10214,19411,9598,9813,16479,8122,8357,15188,7496,7692,13905,6831,7074,1238,628,610,2521,1274,1247,2992,1496,1496,1291,626,665,1283,665,618,2660,1339,1321,5447,2537,1281,1256,98.7
22,Cihuatlán,39020,19694,19326,2457,1269,1188,36262,18275,17987,34576,17456,17120,28973,14584,14389,26587,13381,13206,24155,12151,12004,2472,1209,1263,4817,2482,2335,5586,2858,2728,2386,1203,1183,2432,1230,1202,4905,2486,2419,10025,3374,1735,1639,101.9
23,Zapotlán el Grande,100534,48661,51873,4971,2550,2421,94085,45372,48713,90426,43470,46956,77659,37004,40655,72525,34353,38172,66928,31523,35405,5446,2821,2625,10980,5547,5433,12410,6339,6071,5134,2651,2483,5597,2830,2767,13635,6672,6963,28006,9882,4456,5426,93.81
24,Cocula,26174,12721,13453,1401,707,694,24748,12002,12746,23734,11487,12247,20265,9753,10512,18859,9053,9806,17335,8275,9060,1515,772,743,2968,1477,1491,3398,1678,1720,1406,700,706,1524,778,746,3050,1503,1547,6717,3663,1776,1887,94.56
25,Colotlán,18091,8711,9380,982,499,483,17034,8175,8859,16385,7851,8534,13916,6587,7329,12776,5971,6805,11607,5364,6243,963,490,473,2155,1098,1057,2613,1363,1250,1140,616,524,1169,607,562,2416,1135,1281,4872,2222,1020,1202,92.87
26,Concepción de Buenos Aires,5933,3011,2922,338,167,171,5594,2843,2751,5382,2723,2659,4622,2314,2308,4285,2136,2149,3916,1941,1975,315,178,137,657,351,306,774,410,364,337,178,159,369,195,174,729,364,365,1461,812,399,413,103.05
27,Cuautitlán de García Barragán,17322,8763,8559,1042,533,509,16262,8222,8040,15528,7857,7671,12654,6407,6247,11469,5827,5642,10259,5191,5068,1092,552,540,2516,1263,1253,2936,1449,1487,1185,580,605,1210,636,574,2127,1099,1028,4065,2030,1032,998,102.38
28,Cuautla,2171,1045,1126,100,47,53,2070,998,1072,1986,952,1034,1720,814,906,1603,748,855,1479,688,791,111,59,52,239,125,114,278,155,123,117,66,51,124,60,64,279,116,163,537,432,218,214,92.81
29,Cuquío,17795,8488,9307,1008,516,492,16678,7919,8759,16008,7598,8410,13477,6356,7121,12380,5772,6608,11200,5174,6026,1001,471,530,2200,1092,1108,2570,1327,1243,1097,584,513,1180,598,582,2100,945,1155,4678,2242,1109,1133,91.2
30,Chapala,48839,23902,24937,2676,1386,1290,45656,22264,23392,43738,21309,22429,37112,17931,19181,34354,16539,17815,31664,15166,16498,2857,1431,1426,5687,2902,2785,6597,3345,3252,2758,1392,1366,2690,1373,1317,5955,2980,2975,12156,6615,3110,3505,95.85
31,Chimaltitán,3771,1869,1902,310,167,143,3460,1702,1758,3285,1603,1682,2685,1326,1359,2412,1193,1219,2173,1071,1102,266,138,128,509,238,271,606,300,306,273,133,140,239,122,117,446,220,226,817,514,243,271,98.26
32,Chiquilistlán,5814,2896,2918,361,177,184,5451,2719,2732,5199,2579,2620,4272,2091,2181,3880,1885,1995,3438,1664,1774,372,208,164,807,420,387,951,501,450,392,206,186,442,221,221,774,387,387,1424,707,347,360,99.25
33,Degollado,21132,10119,11013,1239,669,570,19890,9448,10442,19010,8996,10014,15891,7446,8445,14614,6816,7798,13223,6142,7081,1285,663,622,2714,1339,1375,3132,1544,1588,1277,630,647,1391,674,717,2633,1167,1466,5701,2471,1211,1260,91.88
34,Ejutla,2082,1072,1010,88,40,48,1991,1030,961,1930,991,939,1711,886,825,1612,833,779,1492,764,728,99,57,42,181,87,94,228,116,112,99,53,46,120,69,51,248,126,122,480,414,220,194,106.14
35,Encarnación de Díaz,51396,24692,26704,3107,1526,1581,48228,23138,25090,46016,22001,24015,38625,18228,20397,35398,16632,18766,32156,15018,17138,3288,1677,1611,6315,3233,3082,7464,3757,3707,3227,1596,1631,3242,1614,1628,6708,3175,3533,13893,5196,2460,2736,92.47
36,Etzatlán,18632,9157,9475,1081,523,558,17531,8624,8907,16782,8229,8553,14106,6879,7227,12995,6337,6658,11751,5678,6073,1131,600,531,2294,1145,1149,2651,1335,1316,1111,542,569,1244,659,585,2313,1159,1154,4725,2235,1097,1138,96.64
37,El Grullo,23845,11622,12223,1325,623,702,22305,10890,11415,21411,10427,10984,18331,8916,9415,16987,8222,8765,15647,7538,8109,1325,666,659,2649,1308,1341,3137,1584,1553,1344,694,650,1340,684,656,3098,1566,1532,6238,2853,1372,1481,95.08
38,Guachinango,4323,2178,2145,197,94,103,4122,2082,2040,3972,2003,1969,3396,1718,1678,3168,1590,1578,2913,1448,1465,220,118,102,506,246,260,578,295,283,228,128,100,255,142,113,498,235,263,988,810,392,418,101.54
39,Guadalajara,1495189,717404,777785,64438,33043,31395,1404196,671068,733128,1357921,647467,710454,1185962,560160,625802,1111368,522743,588625,1031902,482713,549189,69506,35381,34125,148728,75527,73201,175365,88473,86892,74594,37417,37177,79466,40030,39436,196641,98602,98039,406874,178100,76503,101597,92.24
40,Hostotipaquillo,10284,5501,4783,608,315,293,9665,5178,4487,9255,4970,4285,7779,4232,3547,7136,3909,3227,6531,3590,2941,610,298,312,1276,648,628,1482,750,732,643,323,320,605,319,286,1295,724,571,2339,1156,602,554,115.01
41,Huejúcar,6084,2905,3179,294,153,141,5790,2752,3038,5588,2649,2939,4827,2273,2554,4491,2104,2387,4170,1936,2234,295,150,145,668,329,339,777,383,394,336,169,167,321,168,153,659,321,338,1457,1201,566,635,91.38
42,Huejuquilla el Alto,8781,4237,4544,574,304,270,8186,3923,4263,7834,3733,4101,6563,3094,3469,5979,2785,3194,5390,2509,2881,569,301,268,1054,528,526,1284,662,622,584,309,275,589,276,313,1136,529,607,2154,1323,628,695,93.24
43,La Huerta,23428,11845,11583,1412,738,674,21992,11097,10895,21043,10637,10406,17650,8917,8733,16259,8198,8061,14778,7470,7308,1424,688,736,2918,1492,1426,3364,1717,1647,1391,719,672,1481,728,753,2881,1419,1462,5853,2668,1399,1269,102.26
44,Ixtlahuacán de los Membrillos,41060,20419,20641,2829,1448,1381,38198,18956,19242,36225,17948,18277,29542,14487,15055,27063,13187,13876,24630,11955,12675,2943,1507,1436,5713,2962,2751,6266,3269,2997,2479,1300,1179,2433,1232,1201,5051,2426,2625,11280,2734,1347,1387,98.92
45,Ixtlahuacán del Río,19005,9175,9830,1071,550,521,17914,8616,9298,17123,8228,8895,14472,6872,7600,13311,6234,7077,12112,5622,6490,1175,584,591,2267,1160,1107,2660,1404,1256,1161,638,523,1199,612,587,2315,1015,1300,5071,2361,1181,1180,93.34
46,Jalostotitlán,31948,15598,16350,2069,1087,982,29860,14498,15362,28404,13784,14620,23340,11187,12153,21298,10158,11140,19217,9131,10086,2175,1088,1087,4345,2223,2122,4919,2493,2426,2042,1029,1013,2081,1027,1054,4035,1919,2116,8213,3204,1506,1698,95.4
47,Jamay,22881,11337,11544,1394,703,691,21446,10613,10833,20455,10101,10354,17098,8384,8714,15680,7662,8018,14286,6968,7318,1491,760,731,2857,1469,1388,3336,1715,1621,1418,722,696,1394,694,700,2937,1440,1497,5978,2275,1112,1163,98.21
48,Jesús María,18634,8571,10063,1006,509,497,17603,8051,9552,16893,7694,9199,13954,6264,7690,12596,5570,7026,11337,4991,6346,1060,537,523,2589,1250,1339,3109,1542,1567,1358,694,664,1259,579,680,2111,795,1316,5099,2276,1089,1187,85.17
49,Jilotlán de los Dolores,9545,4905,4640,592,310,282,8944,4590,4354,8560,4390,4170,7172,3678,3494,6561,3377,3184,5922,3052,2870,572,307,265,1200,605,595,1424,696,728,611,301,310,639,325,314,1200,602,598,2335,1068,577,491,105.71
50,Jocotepec,42164,20839,21325,2693,1339,1354,39061,19293,19768,37181,18336,18845,30800,15033,15767,28242,13724,14518,25497,12358,13139,2807,1412,1395,5454,2848,2606,6120,3202,2918,2558,1309,1249,2745,1366,1379,5482,2748,2734,10711,4304,2072,2232,97.72
51,Juanacatlán,13218,6675,6543,750,383,367,12461,6289,6172,11905,5988,5917,9930,4981,4949,9148,4596,4552,8336,4176,4160,864,463,401,1667,845,822,1906,947,959,782,385,397,812,420,392,1757,910,847,3454,1252,676,576,102.02
52,Juchitlán,5515,2637,2878,340,170,170,5172,2467,2705,4951,2354,2597,4243,2003,2240,3944,1855,2089,3645,1700,1945,325,164,161,604,300,304,690,352,338,299,148,151,299,155,144,645,289,356,1374,948,469,479,91.63
53,Lagos de Moreno,153817,74472,79345,9390,4751,4639,144159,69587,74572,137595,66244,71351,114257,54260,59997,104418,49238,55180,94244,44163,50081,9795,5008,4787,20107,10319,9788,23294,11957,11337,9839,5022,4817,10174,5075,5099,20581,9831,10750,42838,12461,5831,6630,93.86
54,El Limón,5499,2752,2747,232,110,122,5247,2632,2615,5081,2541,2540,4505,2257,2248,4246,2123,2123,3956,1975,1981,242,124,118,500,251,249,583,301,282,259,134,125,290,148,142,600,316,284,1274,1193,609,584,100.18
55,Magdalena,21321,10583,10738,1346,683,663,19874,9851,10023,18953,9389,9564,15777,7748,8029,14386,7042,7344,12916,6317,6599,1392,693,699,2705,1410,1295,3198,1647,1551,1391,706,685,1470,725,745,2829,1411,1418,5497,2116,1021,1095,98.56
56,Santa María del Oro,2517,1273,1244,111,62,49,2405,1210,1195,2323,1170,1153,1953,963,990,1784,882,902,1603,789,814,128,65,63,324,182,142,396,208,188,169,81,88,181,93,88,284,150,134,622,370,178,192,102.33
57,La Manzanilla de la Paz,3755,1790,1965,162,77,85,3592,1712,1880,3474,1654,1820,2995,1434,1561,2769,1316,1453,2557,1210,1347,194,91,103,403,187,216,509,256,253,226,118,108,212,106,106,460,206,254,958,605,298,307,91.09
58,Mascota,14245,7010,7235,728,377,351,13486,6618,6868,12961,6369,6592,11089,5447,5642,10227,5004,5223,9326,4557,4769,812,398,414,1585,773,812,1942,970,972,862,443,419,901,447,454,1587,836,751,3463,2269,1114,1155,96.89
59,Mazamitla,13225,6288,6937,752,387,365,12455,5892,6563,11867,5606,6261,9972,4675,5297,9169,4270,4899,8393,3889,4504,872,410,462,1611,807,804,1872,930,942,803,405,398,776,381,395,1746,822,924,3595,1430,654,776,90.64
60,Mexticacán,6034,2777,3257,293,144,149,5735,2630,3105,5512,2512,3000,4739,2115,2624,4422,1969,2453,4062,1782,2280,334,175,159,662,340,322,758,383,375,317,146,171,360,187,173,635,272,363,1590,1011,448,563,85.26
61,Mezquitic,18084,8745,9339,1514,719,795,16531,8005,8526,15438,7453,7985,11782,5649,6133,10324,4934,5390,9041,4295,4746,1607,813,794,3142,1543,1599,3517,1720,1797,1458,715,743,1283,639,644,2293,1097,1196,4148,1447,702,745,93.64
62,Mixtlán,3574,1800,1774,187,95,92,3387,1705,1682,3260,1644,1616,2793,1398,1395,2591,1280,1311,2372,1170,1202,204,103,101,390,204,186,467,250,217,202,118,84,219,110,109,416,205,211,879,569,271,298,101.47
63,Ocotlán,92967,45453,47514,5128,2651,2477,87413,42591,44822,83688,40717,42971,70468,33990,36478,65028,31212,33816,59397,28400,30997,5587,2812,2775,11358,5789,5569,13114,6712,6402,5440,2778,2662,5631,2812,2819,11914,5840,6074,25128,8601,4098,4503,95.66
64,Ojuelos de Jalisco,30097,14636,15461,2106,1068,1038,27985,13564,14421,26581,12854,13727,21329,10147,11182,19197,9057,10140,17036,7924,9112,2161,1106,1055,4495,2311,2184,5135,2622,2513,2132,1090,1042,2161,1133,1028,3770,1699,2071,7734,2760,1355,1405,94.66
65,Pihuamo,12119,6045,6074,625,331,294,11493,5713,5780,11079,5504,5575,9589,4736,4853,8909,4389,4520,8128,4005,4123,620,303,317,1284,674,610,1539,793,746,680,347,333,781,384,397,1530,775,755,2986,1897,918,979,99.52
66,Poncitlán,48408,23721,24687,3501,1743,1758,44819,21936,22883,42505,20735,21770,34399,16648,17751,31256,15037,16219,28087,13428,14659,3463,1788,1675,6957,3500,3457,7832,3976,3856,3143,1611,1532,3169,1609,1560,6399,3107,3292,12374,4182,2047,2135,96.09
67,Puerto Vallarta,255681,128577,127104,14650,7417,7233,234761,118030,116731,224799,112944,111855,190562,95435,95127,176560,88386,88174,162396,81222,81174,14711,7560,7151,29488,15035,14453,33842,17249,16593,14002,7049,6953,14164,7164,7000,35837,17978,17859,71510,15512,7614,7898,101.16
68,Villa Purificación,11623,5933,5690,628,310,318,10989,5621,5368,10556,5404,5152,8924,4574,4350,8142,4171,3971,7310,3748,3562,639,318,321,1426,729,697,1746,885,861,782,403,379,832,423,409,1376,687,689,2659,1751,922,829,104.27
69,Quitupan,8691,4066,4625,428,211,217,8260,3854,4406,7951,3695,4256,6834,3118,3716,6284,2856,3428,5799,2605,3194,455,241,214,971,495,476,1214,588,626,550,262,288,485,251,234,968,415,553,2208,1530,725,805,87.91
70,El Salto,138226,69006,69220,9262,4634,4628,128325,64054,64271,121709,60707,61002,98773,49086,49687,89709,44476,45233,80936,40080,40856,9879,5002,4877,19673,9966,9707,22250,11348,10902,9064,4610,4454,8773,4396,4377,17989,8973,9016,37519,7313,3700,3613,99.69
71,San Cristóbal de la Barranca,3176,1583,1593,148,67,81,3016,1510,1506,2898,1438,1460,2462,1208,1254,2247,1088,1159,2015,971,1044,174,93,81,380,209,171,476,258,218,215,120,95,232,117,115,423,202,221,805,425,205,220,99.37
72,San Diego de Alejandría,6647,3172,3475,429,205,224,6208,2961,3247,5962,2845,3117,4912,2306,2606,4490,2072,2418,4060,1855,2205,385,191,194,911,464,447,1004,536,468,422,234,188,430,217,213,830,371,459,1766,755,379,376,91.28
73,San Juan de los Lagos,65219,32066,33153,4200,2115,2085,60910,29898,31012,58002,28412,29590,48109,23309,24800,44174,21303,22871,40102,19220,20882,4348,2198,2150,8453,4391,4062,9581,4968,4613,3935,2006,1929,4072,2083,1989,8818,4338,4480,17483,5404,2452,2952,96.72
74,San Julián,15454,7296,8158,889,444,445,14516,6826,7690,13944,6542,7402,11935,5494,6441,11043,5050,5993,10018,4550,5468,856,431,425,1725,901,824,2067,1053,1014,892,444,448,1025,500,525,2122,942,1180,4392,1706,793,913,89.43
75,San Marcos,3762,1918,1844,187,103,84,3573,1813,1760,3433,1741,1692,2868,1451,1417,2635,1331,1304,2384,1198,1186,216,117,99,489,245,244,568,283,285,233,120,113,251,133,118,465,244,221,915,490,252,238,104.01
76,San Martín de Bolaños,3405,1704,1701,176,84,92,3203,1606,1597,3070,1527,1543,2582,1274,1308,2351,1163,1188,2128,1060,1068,194,110,84,427,222,205,510,255,255,231,111,120,223,103,120,470,240,230,804,486,232,254,100.18
77,San Martín Hidalgo,26306,12785,13521,1355,685,670,24922,12087,12835,23947,11560,12387,20602,9889,10713,19136,9159,9977,17623,8398,9225,1453,762,691,2867,1436,1431,3359,1678,1681,1466,730,736,1513,761,752,2986,1428,1558,6586,4121,2054,2067,94.56
78,San Miguel el Alto,31166,14999,16167,1850,950,900,29270,14030,15240,28014,13401,14613,23438,11016,12422,21515,10038,11477,19465,9034,10431,1849,950,899,3983,2064,1919,4595,2388,2207,1923,978,945,2050,1004,1046,4171,1901,2270,8472,3227,1502,1725,92.78
79,Gómez Farías,14011,6778,7233,810,406,404,13092,6319,6773,12527,6007,6520,10576,5041,5535,9776,4631,5145,8986,4267,4719,818,439,379,1698,839,859,1911,967,944,800,410,390,790,364,426,1990,952,1038,3829,1475,709,766,93.71
80,San Sebastián del Oeste,5755,3008,2747,275,134,141,5477,2873,2604,5280,2768,2512,4517,2370,2147,4145,2176,1969,3730,1949,1781,313,163,150,647,340,307,826,434,392,372,194,178,415,227,188,636,330,306,1313,929,514,415,109.5
81,Santa María de los Ángeles,3726,1758,1968,170,97,73,3552,1660,1892,3420,1593,1827,2921,1358,1563,2694,1253,1441,2455,1126,1329,196,101,95,435,201,234,535,244,291,227,105,122,239,127,112,375,161,214,893,738,353,385,89.33
82,Sayula,34829,16733,18096,2144,1040,1104,32673,15689,16984,31246,14993,16253,26440,12537,13903,24389,11540,12849,22401,10543,11858,2151,1070,1081,4082,2082,2000,4780,2384,2396,2051,997,1054,1988,997,991,4655,2286,2369,9427,3502,1619,1883,92.47
83,Tala,69031,34313,34718,4245,2195,2050,64730,32091,32639,61727,30524,31203,51215,25160,26055,47034,23020,24014,43001,20938,22063,4469,2308,2161,9046,4623,4423,10130,5189,4941,4181,2140,2041,4033,2082,1951,8229,4016,4213,18283,6114,3010,3104,98.83
84,Talpa de Allende,14410,7215,7195,811,415,396,13582,6791,6791,13055,6504,6551,10990,5485,5505,10002,4962,5040,8969,4416,4553,775,404,371,1817,902,915,2225,1153,1072,988,523,465,1033,546,487,1662,847,815,3515,1913,968,945,100.28
85,Tamazula de Gordiano,37986,18512,19474,1898,947,951,35982,17511,18471,34673,16860,17813,29948,14480,15468,27837,13408,14429,25540,12276,13264,1978,979,999,4056,2052,2004,4865,2478,2387,2111,1072,1039,2297,1132,1165,4804,2400,2404,9799,5318,2499,2819,95.06
86,Tapalpa,18096,8848,9248,1334,718,616,16715,8107,8608,15866,7682,8184,13037,6271,6766,11857,5699,6158,10657,5127,5530,1243,639,604,2435,1197,1238,2781,1373,1408,1180,572,608,1200,572,628,2649,1332,1317,4840,1385,643,742,95.67
87,Tecalitlán,16847,8220,8627,939,487,452,15904,7732,8172,15282,7403,7879,12953,6210,6743,11915,5675,6240,10852,5173,5679,957,491,466,1994,1031,963,2406,1232,1174,1038,535,503,1063,502,561,2150,1055,1095,4315,2279,1102,1177,95.28
88,Tecolotlán,16573,8292,8281,923,498,425,15634,7785,7849,14986,7436,7550,12789,6300,6489,11830,5795,6035,10846,5298,5548,942,501,441,1903,984,919,2217,1143,1074,959,505,454,984,497,487,1964,933,1031,4157,2446,1223,1223,100.13
89,Techaluta de Montenegro,3511,1722,1789,207,104,103,3296,1612,1684,3149,1543,1606,2700,1322,1378,2528,1233,1295,2326,1126,1200,205,99,106,391,191,200,434,218,216,172,89,83,202,107,95,456,226,230,868,519,264,255,96.25
90,Tenamaxtlán,7051,3495,3556,370,184,186,6676,3309,3367,6429,3191,3238,5489,2707,2782,5072,2489,2583,4642,2262,2380,362,174,188,825,428,397,973,499,474,417,218,199,430,227,203,802,395,407,1711,1151,593,558,98.28
91,Teocaltiche,40105,18973,21132,2522,1239,1283,37527,17702,19825,35862,16862,19000,29837,13869,15968,27416,12664,14752,25001,11454,13547,2534,1260,1274,5156,2573,2583,5854,2968,2886,2421,1205,1216,2415,1210,1205,4868,2273,2595,10533,4694,2198,2496,89.78
92,Teocuitatlán de Corona,10837,5307,5530,571,304,267,10258,5000,5258,9896,4829,5067,8532,4149,4383,7970,3858,4112,7370,3566,3804,540,260,280,1186,591,595,1348,697,651,562,291,271,600,292,308,1228,618,610,2622,1895,927,968,95.97
93,Tepatitlán de Morelos,136123,66244,69879,8037,4024,4013,127799,62076,65723,122227,59243,62984,102021,48954,53067,93722,44757,48965,85091,40394,44697,8377,4300,4077,17401,8822,8579,20085,10196,9889,8299,4197,4102,8631,4363,4268,18323,8865,9458,37419,12043,5575,6468,94.8
94,Tequila,40697,20148,20549,2539,1261,1278,38065,18839,19226,36278,17931,18347,29561,14500,15061,26839,13140,13699,24116,11739,12377,2675,1366,1309,5829,2973,2856,6592,3322,3270,2722,1360,1362,2723,1401,1322,5222,2627,2595,10418,3508,1669,1839,98.05
95,Teuchitlán,9088,4425,4663,448,230,218,8631,4192,4439,8297,4023,4274,7061,3403,3658,6539,3156,3383,5959,2861,3098,498,246,252,1072,543,529,1225,594,631,522,247,275,580,295,285,1010,486,524,2358,1281,662,619,94.9
96,Tizapán el Alto,20857,10163,10694,1249,615,634,19553,9517,10036,18699,9092,9607,15701,7566,8135,14388,6904,7484,13065,6227,6838,1299,661,638,2553,1290,1263,3033,1516,1517,1313,662,651,1323,677,646,2383,1122,1261,5238,2610,1281,1329,95.03
97,Tlajomulco de Zúñiga,416626,206958,209668,29688,15065,14623,374357,185601,188756,352469,174345,178124,281594,138306,143288,257524,126075,131449,235703,115015,120688,32565,16682,15883,60198,30613,29585,63178,32048,31130,24070,12231,11839,21821,11060,10761,45045,21535,23510,112815,16703,8060,8643,98.71
98,Tlaquepaque,608114,299904,308210,36204,18557,17647,566285,278542,287743,540360,265356,275004,449479,219446,230033,412675,200958,211717,376022,182406,193616,38780,19752,19028,78026,39344,38682,89130,44898,44232,36804,18488,18316,36653,18552,18101,78558,39461,39097,168584,38895,18183,20712,97.31
99,Tolimán,9591,4724,4867,574,295,279,9011,4425,4586,8626,4208,4418,7205,3486,3719,6606,3176,3430,5991,2884,3107,560,298,262,1246,641,605,1423,725,698,599,310,289,615,292,323,1153,540,613,2415,1254,619,635,97.06
100,Tomatlán,35050,17822,17228,2171,1109,1062,32617,16581,16036,31106,15835,15271,25835,13216,12619,23558,12063,11495,21145,10840,10305,2218,1105,1113,4564,2260,2304,5407,2711,2696,2277,1153,1124,2413,1223,1190,4216,2196,2020,8453,3559,1903,1656,103.45
101,Tonalá,478689,243241,235448,28963,14689,14274,441990,224661,217329,421256,214091,207165,348076,177059,171017,318738,162213,156525,289679,147418,142261,31015,15766,15249,62899,31836,31063,71293,36086,35207,29338,14846,14492,29059,14795,14264,63149,32258,30891,128786,23859,11615,12244,103.31
102,Tonaya,5930,2874,3056,317,163,154,5606,2707,2899,5403,2612,2791,4719,2274,2445,4453,2145,2308,4143,1989,2154,306,152,154,581,281,300,648,317,331,266,129,137,310,156,154,726,368,358,1506,1009,483,526,94.04
103,Tonila,7256,3573,3683,404,202,202,6847,3370,3477,6582,3228,3354,5636,2743,2893,5250,2544,2706,4793,2326,2467,403,218,185,808,409,399,927,476,451,386,199,187,457,218,239,815,387,428,1883,1003,484,519,97.01
104,Totatiche,4435,2209,2226,203,103,100,4226,2103,2123,4096,2035,2061,3612,1765,1847,3336,1591,1745,3062,1439,1623,195,106,89,419,232,187,572,344,228,276,174,102,274,152,122,496,239,257,1020,949,438,511,99.24
105,Tototlán,21871,10668,11203,1331,693,638,20536,9974,10562,19539,9483,10056,16254,7836,8418,14935,7144,7791,13677,6501,7176,1441,740,701,2841,1398,1443,3199,1616,1583,1319,692,627,1258,643,615,2679,1293,1386,5720,2448,1198,1250,95.22
106,Tuxcacuesco,4234,2168,2066,246,134,112,3978,2029,1949,3823,1940,1883,3303,1668,1635,3105,1561,1544,2863,1435,1428,241,132,109,434,229,205,499,269,230,198,107,91,242,126,116,569,278,291,1001,712,355,357,104.94
107,Tuxcueca,6316,3054,3262,410,213,197,5902,2841,3061,5609,2699,2910,4711,2270,2441,4347,2080,2267,3964,1892,2072,436,205,231,755,366,389,865,429,436,364,190,174,383,188,195,786,377,409,1591,797,402,395,93.62
108,Tuxpan,34182,16442,17740,1946,949,997,32210,15479,16731,30869,14774,16095,26316,12513,13803,24288,11494,12794,22202,10450,11752,1988,1022,966,3906,1944,1962,4647,2298,2349,2028,1019,1009,2086,1044,1042,4584,2179,2405,9079,3872,1828,2044,92.68
109,Unión de San Antonio,17325,8306,9019,1080,545,535,16242,7759,8483,15473,7353,8120,12743,5957,6786,11676,5425,6251,10537,4849,5688,1153,599,554,2346,1203,1143,2629,1340,1289,1067,532,535,1139,576,563,2197,991,1206,4592,1861,888,973,92.09
110,Unión de Tula,13737,6620,7117,745,353,392,12990,6266,6724,12461,6001,6460,10800,5189,5611,10027,4770,5257,9205,4361,4844,774,379,395,1416,698,718,1706,889,817,773,419,354,822,409,413,1702,807,895,3532,2177,1077,1100,93.02
111,Valle de Guadalupe,6705,3333,3372,412,220,192,6285,3109,3176,6017,2974,3043,5103,2507,2596,4725,2296,2429,4315,2087,2228,384,190,194,798,412,386,895,485,410,378,211,167,410,209,201,909,463,446,1756,770,390,380,98.84
112,Valle de Juárez,5798,2806,2992,299,163,136,5492,2640,2852,5289,2540,2749,4551,2149,2402,4218,1973,2245,3914,1822,2092,329,170,159,612,321,291,752,390,362,333,176,157,304,151,153,716,320,396,1477,900,432,468,93.78
113,San Gabriel,15310,7507,7803,898,446,452,14357,7035,7322,13777,6751,7026,11808,5734,6074,10990,5321,5669,10073,4870,5203,886,439,447,1663,862,801,1902,965,937,818,413,405,917,451,466,2147,1056,1091,3983,1937,896,1041,96.21
114,Villa Corona,16969,8357,8612,970,519,451,15960,7817,8143,15264,7464,7800,13065,6353,6712,12097,5849,6248,11131,5345,5786,1014,507,507,1881,957,924,2184,1121,1063,968,504,464,966,504,462,2101,1019,1082,4340,2293,1143,1150,97.04
115,Villa Guerrero,5638,2785,2853,337,167,170,5296,2615,2681,5078,2496,2582,4269,2079,2190,3909,1891,2018,3590,1736,1854,336,182,154,691,354,337,818,427,391,360,188,172,319,155,164,659,333,326,1252,1025,488,537,97.62
116,Villa Hidalgo,18711,9043,9668,1212,615,597,17490,8426,9064,16678,8009,8669,13700,6428,7272,12539,5839,6700,11329,5244,6085,1222,640,582,2568,1358,1210,2834,1479,1355,1161,589,572,1210,595,615,2279,1037,1242,5097,1736,866,870,93.54
117,Cañadas de Obregón,4152,2015,2137,209,109,100,3930,1900,2030,3800,1831,1969,3296,1565,1731,3095,1461,1634,2868,1340,1528,212,105,107,422,230,192,474,253,221,201,104,97,227,121,106,463,204,259,1018,767,379,388,94.29
118,Yahualica de González Gallo,22284,10586,11698,1105,570,535,21145,9998,11147,20344,9602,10742,17541,8171,9370,16331,7574,8757,15047,6893,8154,1198,604,594,2406,1223,1183,2819,1406,1413,1210,597,613,1284,681,603,2531,1194,1337,5726,3434,1534,1900,90.49
119,Zacoalco de Torres,27901,13698,14203,1608,842,766,26172,12794,13378,25072,12246,12826,21304,10314,10990,19690,9500,10190,17973,8623,9350,1614,831,783,3254,1649,1605,3737,1917,1820,1614,814,800,1717,877,840,3486,1686,1800,7075,3711,1768,1943,96.44
120,Zapopan,1243756,607907,635849,63356,32339,31017,1160968,565839,595129,1115381,542752,572629,952387,459968,492419,883990,425205,458785,811954,388501,423453,68107,34632,33475,140474,71239,69235,162649,82557,80092,68397,34763,33634,72036,36704,35332,171095,85395,85700,352441,94912,43600,51312,95.61
121,Zapotiltic,29192,14181,15011,1539,793,746,27581,13352,14229,26516,12821,13695,22663,10921,11742,20991,10061,10930,19218,9149,10069,1566,780,786,3352,1651,1701,3880,1944,1936,1672,860,812,1773,912,861,3711,1809,1902,7792,3568,1747,1821,94.47
122,Zapotitlán de Vadillo,6685,3328,3357,413,206,207,6268,3121,3147,5989,2976,3013,4971,2438,2533,4512,2196,2316,4087,1966,2121,398,205,193,899,478,421,1063,562,501,459,242,217,425,230,195,779,382,397,1518,985,452,533,99.14
123,Zapotlán del Rey,17585,8671,8914,1051,520,531,16520,8146,8374,15777,7752,8025,13222,6432,6790,12153,5894,6259,10995,5300,5695,1106,584,522,2192,1130,1062,2516,1286,1230,1069,538,531,1158,594,564,2180,1025,1155,4577,1952,949,1003,97.27
124,Zapotlanejo,63636,31114,32522,3942,2007,1935,59583,29052,30531,56828,27645,29183,47121,22671,24450,43128,20700,22428,39048,18666,20382,4074,2086,1988,8388,4295,4093,9624,4896,4728,3993,1971,2022,4080,2034,2046,8331,3935,4396,17183,5771,2796,2975,95.67
125,San Ignacio Cerro Gordo,17626,8501,9125,1136,572,564,16477,7922,8555,15703,7517,8186,12811,6065,6746,11648,5493,6155,10544,4986,5558,1144,587,557,2522,1270,1252,2852,1446,1406,1163,572,591,1104,507,597,2256,1027,1229,4774,1569,779,790,93.16
